Species	Vernacular name	Number	Time	Municipality	Biogeographical Province	Country	WGS84 N	WGS84 E	The stated certainty of the observation	Observation Reliability	Collection
mustavahakas (fi) — Hygrophorus camarophyllus	mustavahakas (fi)		2026-09-12	Rovaniemi	Perä-Pohjanmaa (PeP)	Suomi	66.48831	25.82349		COMMUNITY_VERIFIED	iNaturalist Suomi Finland
mustavahakas (fi) — Hygrophorus camarophyllus	mustavahakas (fi)		2026-09-12	Espoo	Uusimaa (U)	Suomi	60.32126	24.69123		NEUTRAL	iNaturalist Suomi Finland
mustavahakas (fi) — Hygrophorus camarophyllus	mustavahakas (fi)		2026-09-05	Oulu	Oulun Pohjanmaa (OP)	Suomi	65.18452	25.29685		COMMUNITY_VERIFIED	iNaturalist Suomi Finland
mustavahakas (fi) — Hygrophorus camarophyllus	mustavahakas (fi)		2026-09-05	Soini	Keski-Pohjanmaa (KP)	Suomi	62.83723	24.29021		NEUTRAL	iNaturalist Suomi Finland
mustavahakas (fi) — Hygrophorus camarophyllus	mustavahakas (fi)		2026-09-05	Espoo	Uusimaa (U)	Suomi	60.307989	24.71029	Sure	NEUTRAL	The Atlas of Finnish Fungi
mustavahakas (fi) — Hygrophorus camarophyllus	mustavahakas (fi)		2026-09-04	Lumijoki	Oulun Pohjanmaa (OP)	Suomi	64.81032	25.24759		COMMUNITY_VERIFIED	iNaturalist Suomi Finland
mustavahakas (fi) — Hygrophorus camarophyllus	mustavahakas (fi)		2026-09-02	Porvoo	Uusimaa (U)	Suomi	60.37704	25.74274		COMMUNITY_VERIFIED	iNaturalist Suomi Finland
mustavahakas (fi) — Hygrophorus camarophyllus	mustavahakas (fi)		2026-09-01	Turku	Varsinais-Suomi (V)	Suomi	60.35577	22.15615		NEUTRAL	iNaturalist Suomi Finland
mustavahakas (fi) — Hygrophorus camarophyllus	mustavahakas (fi)		2026-08-30	Orimattila	Uusimaa (U)	Suomi	60.814224	25.866412	Sure	NEUTRAL	Notebook, general observations
mustavahakas (fi) — Hygrophorus camarophyllus	mustavahakas (fi)		2026-08-29	Hyrynsalmi	Kainuu (Kn)	Suomi	64.73414	28.07032		COMMUNITY_VERIFIED	iNaturalist Suomi Finland
mustavahakas (fi) — Hygrophorus camarophyllus	mustavahakas (fi)	Muutamia	2026-08-28	Parainen	Varsinais-Suomi (V)	Suomi	60.267317	22.374335	Sure	NEUTRAL	The Atlas of Finnish Fungi
mustavahakas (fi) — Hygrophorus camarophyllus	mustavahakas (fi)		2026-08-28	Hartola, Joutsa	Etelä-Häme (EH), Etelä-Savo (ES)	Suomi	61.7	26.1		NEUTRAL	iNaturalist Suomi Finland
mustavahakas (fi) — Hygrophorus camarophyllus	mustavahakas (fi)		2026-08-28	Hartola, Joutsa	Etelä-Häme (EH), Etelä-Savo (ES)	Suomi	61.7	26.1		NEUTRAL	iNaturalist Suomi Finland
mustavahakas (fi) — Hygrophorus camarophyllus	mustavahakas (fi)		2026-08-27	Lapinlahti	Pohjois-Savo (PS)	Suomi	63.3	27.5		NEUTRAL	iNaturalist Suomi Finland
mustavahakas (fi) — Hygrophorus camarophyllus	mustavahakas (fi)		2026-08-27	Lapinlahti	Pohjois-Savo (PS)	Suomi	63.3	27.5		NEUTRAL	iNaturalist Suomi Finland
mustavahakas (fi) — Hygrophorus camarophyllus	mustavahakas (fi)		2026-08-27	Lapinlahti	Pohjois-Savo (PS)	Suomi	63.3	27.5		NEUTRAL	iNaturalist Suomi Finland
mustavahakas (fi) — Hygrophorus camarophyllus	mustavahakas (fi)		2026-08-26	Äänekoski	Pohjois-Häme (PH)	Suomi	62.58791	25.97889		COMMUNITY_VERIFIED	iNaturalist Suomi Finland
mustavahakas (fi) — Hygrophorus camarophyllus	mustavahakas (fi)		2026-08-25	Kuusamo	Koillismaa (Ks)	Suomi	66.075	29.01424		COMMUNITY_VERIFIED	iNaturalist Suomi Finland
mustavahakas (fi) — Hygrophorus camarophyllus	mustavahakas (fi)		2026-08-25	Kouvola	Etelä-Savo (ES)	Suomi	60.88026	26.72488		COMMUNITY_VERIFIED	iNaturalist Suomi Finland
mustavahakas (fi) — Hygrophorus camarophyllus	mustavahakas (fi)		2026-08-22	Saarijärvi	Pohjois-Häme (PH)	Suomi	62.842957	25.462967	Sure	NEUTRAL	The Atlas of Finnish Fungi
mustavahakas (fi) — Hygrophorus camarophyllus	mustavahakas (fi)	~15	2026-08-16 [17:32-20:22]	Kaarina	Varsinais-Suomi (V)	Suomi	60.469335	22.334281	Sure	NEUTRAL	The Atlas of Finnish Fungi
mustavahakas (fi) — Hygrophorus camarophyllus	mustavahakas (fi)		2026-08-16	Juupajoki	Etelä-Häme (EH)	Suomi	61.79839	24.38039		NEUTRAL	iNaturalist Suomi Finland
mustavahakas (fi) — Hygrophorus camarophyllus	mustavahakas (fi)		2025-10-09	Hyvinkää	Uusimaa (U)	Suomi	60.62777	24.8382		COMMUNITY_VERIFIED	iNaturalist Suomi Finland
mustavahakas (fi) — Hygrophorus camarophyllus	mustavahakas (fi)		2025-10-05	Ikaalinen	Satakunta (St)	Suomi	61.76779	23.23656		NEUTRAL	iNaturalist Suomi Finland
mustavahakas (fi) — Hygrophorus camarophyllus	mustavahakas (fi)	Muutama	2025-09-25	Raahe	Keski-Pohjanmaa (KP)	Suomi	64.624461	24.402166	Sure	NEUTRAL	The Atlas of Finnish Fungi
mustavahakas (fi) — Hygrophorus camarophyllus	mustavahakas (fi)		2025-09-18	Helsinki	Uusimaa (U)	Suomi	60.26802	25.15668		COMMUNITY_VERIFIED	iNaturalist Suomi Finland
mustavahakas (fi) — Hygrophorus camarophyllus	mustavahakas (fi)		2025-09-13	Hollola, Hämeenlinna	Etelä-Häme (EH)	Suomi	61.1	25.1		COMMUNITY_VERIFIED	iNaturalist Suomi Finland
mustavahakas (fi) — Hygrophorus camarophyllus	mustavahakas (fi)		2025-09-13	Salo	Varsinais-Suomi (V)	Suomi	60.21044	22.91855		NEUTRAL	iNaturalist Suomi Finland
mustavahakas (fi) — Hygrophorus camarophyllus	mustavahakas (fi)		2025-09-13	Vaasa	Etelä-Pohjanmaa (EP)	Suomi	63.099941	21.740652	Sure	NEUTRAL	Notebook, general observations
mustavahakas (fi) — Hygrophorus camarophyllus	mustavahakas (fi)		2025-09-12	Viitasaari	Pohjois-Häme (PH)	Suomi	63.16755	25.64137		NEUTRAL	iNaturalist Suomi Finland
mustavahakas (fi) — Hygrophorus camarophyllus	mustavahakas (fi)		2025-09-11 [10:36-14:42]	Hämeenlinna	Etelä-Häme (EH)	Suomi	61.024016	24.467051	Sure	NEUTRAL	The Atlas of Finnish Fungi
mustavahakas (fi) — Hygrophorus camarophyllus	mustavahakas (fi)		2025-09-11 [9:05-15:05]	Turku	Varsinais-Suomi (V)	Suomi	60.505216	22.248421	Sure	NEUTRAL	Notebook, general observations
mustavahakas (fi) — Hygrophorus camarophyllus	mustavahakas (fi)		2025-09-10	Hämeenlinna	Etelä-Häme (EH)	Suomi	61.193981	25.137856	Sure	NEUTRAL	The Atlas of Finnish Fungi
mustavahakas (fi) — Hygrophorus camarophyllus	mustavahakas (fi)		2025-09-10 [10:38-11:31]	Hämeenlinna	Etelä-Häme (EH)	Suomi	61.199344	25.139708	Sure	NEUTRAL	The Atlas of Finnish Fungi
mustavahakas (fi) — Hygrophorus camarophyllus	mustavahakas (fi)		2025-09-10	Kirkkonummi	Uusimaa (U)	Suomi	60.2776	24.45367		COMMUNITY_VERIFIED	iNaturalist Suomi Finland
mustavahakas (fi) — Hygrophorus camarophyllus	mustavahakas (fi)		2025-09-09	Vaasa	Etelä-Pohjanmaa (EP)	Suomi	63.05838	21.696365	Sure	NEUTRAL	Notebook, general observations
mustavahakas (fi) — Hygrophorus camarophyllus	mustavahakas (fi)		2025-09-08	Porvoo	Uusimaa (U)	Suomi	60.34784	25.87864		COMMUNITY_VERIFIED	iNaturalist Suomi Finland
mustavahakas (fi) — Hygrophorus camarophyllus	mustavahakas (fi)		2025-09-07	Lapinlahti	Pohjois-Savo (PS)	Suomi	63.26497	27.74853		COMMUNITY_VERIFIED	iNaturalist Suomi Finland
mustavahakas (fi) — Hygrophorus camarophyllus	mustavahakas (fi)		2025-09-06	Heinola	Etelä-Häme (EH)	Suomi	61.29042	26.4244		COMMUNITY_VERIFIED	iNaturalist Suomi Finland
mustavahakas (fi) — Hygrophorus camarophyllus	mustavahakas (fi)		2025-09-05	Parainen	Varsinais-Suomi (V)	Suomi	60.27096	22.34213		COMMUNITY_VERIFIED	iNaturalist Suomi Finland
mustavahakas (fi) — Hygrophorus camarophyllus	mustavahakas (fi)		2025-09-04	Espoo	Uusimaa (U)	Suomi	60.251047	24.605245	Sure	NEUTRAL	The Atlas of Finnish Fungi
mustavahakas (fi) — Hygrophorus camarophyllus	mustavahakas (fi)		2025-08-31	Tammela	Etelä-Häme (EH)	Suomi	60.67999	23.8354		NEUTRAL	iNaturalist Suomi Finland
mustavahakas (fi) — Hygrophorus camarophyllus	mustavahakas (fi)		2025-08-30	Aura	Varsinais-Suomi (V)	Suomi	60.61346	22.52632		COMMUNITY_VERIFIED	iNaturalist Suomi Finland
mustavahakas (fi) — Hygrophorus camarophyllus	mustavahakas (fi)		2024-10-26	Mikkeli	Etelä-Savo (ES)	Suomi	61.45939	27.3777		NEUTRAL	iNaturalist Suomi Finland
mustavahakas (fi) — Hygrophorus camarophyllus	mustavahakas (fi)		2024-10-08	Tuusula	Uusimaa (U)	Suomi	60.39362	25.04384		NEUTRAL	iNaturalist Suomi Finland
mustavahakas (fi) — Hygrophorus camarophyllus	mustavahakas (fi)		2024-10-05	Taivassalo	Varsinais-Suomi (V)	Suomi	60.55364	21.62886		COMMUNITY_VERIFIED	iNaturalist Suomi Finland
mustavahakas (fi) — Hygrophorus camarophyllus	mustavahakas (fi)		2024-09-25	Pudasjärvi	Oulun Pohjanmaa (OP)	Suomi	65.62633	27.41639		COMMUNITY_VERIFIED	iNaturalist Suomi Finland
mustavahakas (fi) — Hygrophorus camarophyllus	mustavahakas (fi)	X	2024-09-22 [12:53-14:14]	Raasepori	Varsinais-Suomi (V)	Suomi	60.041902	23.708689	Sure	NEUTRAL	Noteworthy macrofungi - complete lists
mustavahakas (fi) — Hygrophorus camarophyllus	mustavahakas (fi)	2	2024-09-20	Närpiö	Etelä-Pohjanmaa (EP)	Suomi	62.375184	21.43472	Sure	NEUTRAL	The Atlas of Finnish Fungi
mustavahakas (fi) — Hygrophorus camarophyllus	mustavahakas (fi)		2024-09-16	Hämeenlinna	Etelä-Häme (EH)	Suomi	60.99602	24.410822	Sure	NEUTRAL	The Atlas of Finnish Fungi
mustavahakas (fi) — Hygrophorus camarophyllus	mustavahakas (fi)		2024-09-14	Joensuu	Pohjois-Karjala (PK)	Suomi	62.58248	29.73077		NEUTRAL	iNaturalist Suomi Finland
mustavahakas (fi) — Hygrophorus camarophyllus	mustavahakas (fi)	X	2024-09-14 [8:04-9:22]	Raasepori	Varsinais-Suomi (V)	Suomi	60.041719	23.708709	Sure	NEUTRAL	Noteworthy macrofungi - complete lists
mustavahakas (fi) — Hygrophorus camarophyllus	mustavahakas (fi)	10	2024-09-13	Rovaniemi	Perä-Pohjanmaa (PeP)	Suomi	66.666254	26.031709		NEUTRAL	Löydös Open Finnish Observation Database
mustavahakas (fi) — Hygrophorus camarophyllus	mustavahakas (fi)	10	2024-09-13	Rovaniemi	Perä-Pohjanmaa (PeP)	Suomi	66.666254	26.031709		NEUTRAL	Löydös Open Finnish Observation Database
mustavahakas (fi) — Hygrophorus camarophyllus	mustavahakas (fi)		2024-09-13	Inkoo	Uusimaa (U)	Suomi	60.06343	23.86673		COMMUNITY_VERIFIED	iNaturalist Suomi Finland
mustavahakas (fi) — Hygrophorus camarophyllus	mustavahakas (fi)		2024-09-13	Vöyri	Etelä-Pohjanmaa (EP)	Suomi	63.16875	22.24533		COMMUNITY_VERIFIED	iNaturalist Suomi Finland
mustavahakas (fi) — Hygrophorus camarophyllus	mustavahakas (fi)	10	2024-09-09	Rovaniemi	Perä-Pohjanmaa (PeP)	Suomi	66.461538	25.805602	Sure	NEUTRAL	The Atlas of Finnish Fungi
mustavahakas (fi) — Hygrophorus camarophyllus	mustavahakas (fi)	10-18kpl	2024-09-08	Siikajoki	Keski-Pohjanmaa (KP)	Suomi	64.529897	25.200058		NEUTRAL	Löydös Open Finnish Observation Database
mustavahakas (fi) — Hygrophorus camarophyllus	mustavahakas (fi)	10-15kpl	2024-09-07	Siikajoki	Keski-Pohjanmaa (KP)	Suomi	64.49994	25.171679		NEUTRAL	Löydös Open Finnish Observation Database
mustavahakas (fi) — Hygrophorus camarophyllus	mustavahakas (fi)		2024-09-07	Pedersören kunta	Keski-Pohjanmaa (KP)	Suomi	63.53794	22.87682		COMMUNITY_VERIFIED	iNaturalist Suomi Finland
mustavahakas (fi) — Hygrophorus camarophyllus	mustavahakas (fi)		2024-09-06	Iisalmi	Pohjois-Savo (PS)	Suomi	63.65122	27.18464		NEUTRAL	iNaturalist Suomi Finland
mustavahakas (fi) — Hygrophorus camarophyllus	mustavahakas (fi)		2024-09-03	Vaasa	Etelä-Pohjanmaa (EP)	Suomi	63.102056	21.763857		NEUTRAL	Löydös Open Finnish Observation Database
mustavahakas (fi) — Hygrophorus camarophyllus	mustavahakas (fi)	Kymmeniä	2024-09-03	Pori	Satakunta (St)	Suomi	61.458447	21.781955		NEUTRAL	Löydös Open Finnish Observation Database
mustavahakas (fi) — Hygrophorus camarophyllus	mustavahakas (fi)		2024-09-02	Loppi	Etelä-Häme (EH)	Suomi	60.66412	24.325606	Sure	NEUTRAL	The Atlas of Finnish Fungi
mustavahakas (fi) — Hygrophorus camarophyllus	mustavahakas (fi)	N. 10kpl	2024-08-31	Utajärvi	Oulun Pohjanmaa (OP)	Suomi	64.571703	26.483693		NEUTRAL	Löydös Open Finnish Observation Database
mustavahakas (fi) — Hygrophorus camarophyllus	mustavahakas (fi)		2024-08-31	Suomussalmi	Kainuu (Kn)	Suomi	64.64006	29.95821		COMMUNITY_VERIFIED	iNaturalist Suomi Finland
mustavahakas (fi) — Hygrophorus camarophyllus	mustavahakas (fi)		2024-08-25	Tampere	Etelä-Häme (EH)	Suomi	61.51919	23.85578		NEUTRAL	iNaturalist Suomi Finland
mustavahakas (fi) — Hygrophorus camarophyllus	mustavahakas (fi)		2024-08-25 [10:23-11:39]	Teuva	Etelä-Pohjanmaa (EP)	Suomi	62.481276	21.635679	Sure	NEUTRAL	The Atlas of Finnish Fungi
mustavahakas (fi) — Hygrophorus camarophyllus	mustavahakas (fi)	Muutama	2024-08-24	Heinola	Etelä-Häme (EH)	Suomi	61.20071	26.080597	Sure	NEUTRAL	The Atlas of Finnish Fungi
mustavahakas (fi) — Hygrophorus camarophyllus	mustavahakas (fi)		2024-08-12	Maalahti	Etelä-Pohjanmaa (EP)	Suomi	62.972514	21.505067	Sure	NEUTRAL	The Atlas of Finnish Fungi
mustavahakas (fi) — Hygrophorus camarophyllus	mustavahakas (fi)		2024-08-12	Lieksa	Pohjois-Karjala (PK)	Suomi	63.38734	30.45203		NEUTRAL	iNaturalist Suomi Finland
mustavahakas (fi) — Hygrophorus camarophyllus	mustavahakas (fi)	X	2023-10-01 [10:18-11:51]	Raasepori	Varsinais-Suomi (V)	Suomi	60.038236	23.72329	Sure	NEUTRAL	Noteworthy macrofungi - complete lists
mustavahakas (fi) — Hygrophorus camarophyllus	mustavahakas (fi)		2023-09-27	Hämeenlinna	Etelä-Häme (EH)	Suomi	61.01852	24.47763		COMMUNITY_VERIFIED	iNaturalist Suomi Finland
mustavahakas (fi) — Hygrophorus camarophyllus	mustavahakas (fi)		2023-09-27	Hämeenlinna	Etelä-Häme (EH)	Suomi	61.0184	24.47756		COMMUNITY_VERIFIED	iNaturalist Suomi Finland
mustavahakas (fi) — Hygrophorus camarophyllus	mustavahakas (fi)	X	2023-09-27 [9:46-11:31]	Espoo, Vihti	Uusimaa (U), Varsinais-Suomi (V)	Suomi	60.32343	24.525371	Sure	NEUTRAL	Noteworthy macrofungi - complete lists
mustavahakas (fi) — Hygrophorus camarophyllus	mustavahakas (fi)		2023-09-25	Ylöjärvi	Etelä-Häme (EH)	Suomi	61.561269	23.519543	Sure	NEUTRAL	The Atlas of Finnish Fungi
mustavahakas (fi) — Hygrophorus camarophyllus	mustavahakas (fi)		2023-09-25	Tohmajärvi	Pohjois-Karjala (PK)	Suomi	62.197696	30.293704	Sure	NEUTRAL	The Atlas of Finnish Fungi
mustavahakas (fi) — Hygrophorus camarophyllus	mustavahakas (fi)	3	2023-09-25	Loppi	Etelä-Häme (EH)	Suomi	60.698784	24.34165	Sure	NEUTRAL	The Atlas of Finnish Fungi
mustavahakas (fi) — Hygrophorus camarophyllus	mustavahakas (fi)	Useita, laajemmalla alueella samassa metsässä	2023-09-24	Inari	Inarin Lappi (InL)	Suomi	68.611837	27.337744		NEUTRAL	Löydös Open Finnish Observation Database
mustavahakas (fi) — Hygrophorus camarophyllus	mustavahakas (fi)		2023-09-23	Lieto	Varsinais-Suomi (V)	Suomi	60.510783	22.409336	Sure	NEUTRAL	The Atlas of Finnish Fungi
mustavahakas (fi) — Hygrophorus camarophyllus	mustavahakas (fi)		2023-09-22	Sipoo	Uusimaa (U)	Suomi	60.30295	25.19346		COMMUNITY_VERIFIED	iNaturalist Suomi Finland
mustavahakas (fi) — Hygrophorus camarophyllus	mustavahakas (fi)	X	2023-09-22 [17:45-19:02]	Inkoo, Raasepori	Uusimaa (U), Varsinais-Suomi (V)	Suomi	60.055086	23.675094	Sure	NEUTRAL	Noteworthy macrofungi - complete lists
mustavahakas (fi) — Hygrophorus camarophyllus	mustavahakas (fi)	1	2023-09-21	Rovaniemi	Perä-Pohjanmaa (PeP)	Suomi	66.62095	25.57438	Sure	NEUTRAL	The Atlas of Finnish Fungi
mustavahakas (fi) — Hygrophorus camarophyllus	mustavahakas (fi)		2023-09-21 - 2023-09-22	Hyvinkää	Uusimaa (U)	Suomi	60.535232	24.676232	Sure	NEUTRAL	The Atlas of Finnish Fungi
mustavahakas (fi) — Hygrophorus camarophyllus	mustavahakas (fi)		2023-09-20	Jyväskylä	Pohjois-Häme (PH)	Suomi	62.23993	25.89392		COMMUNITY_VERIFIED	iNaturalist Suomi Finland
mustavahakas (fi) — Hygrophorus camarophyllus	mustavahakas (fi)		2023-09-17	Harjavalta, Nakkila, Pori, Ulvila	Satakunta (St)	Suomi	61.5	22.1		NEUTRAL	iNaturalist Suomi Finland
mustavahakas (fi) — Hygrophorus camarophyllus	mustavahakas (fi)		2023-09-17	Sipoo	Uusimaa (U)	Suomi	60.46279	25.18894		COMMUNITY_VERIFIED	iNaturalist Suomi Finland
mustavahakas (fi) — Hygrophorus camarophyllus	mustavahakas (fi)		2023-09-17	Helsinki	Uusimaa (U)	Suomi	60.23582	25.12327		COMMUNITY_VERIFIED	iNaturalist Suomi Finland
mustavahakas (fi) — Hygrophorus camarophyllus	mustavahakas (fi)		2023-09-16	Kirkkonummi	Uusimaa (U)	Suomi	60.14836	24.44202		NEUTRAL	iNaturalist Suomi Finland
mustavahakas (fi) — Hygrophorus camarophyllus	mustavahakas (fi)		2023-09-16	Salo	Varsinais-Suomi (V)	Suomi	60.44687	23.21943		NEUTRAL	iNaturalist Suomi Finland
mustavahakas (fi) — Hygrophorus camarophyllus	mustavahakas (fi)		2023-09-16	Espoo	Uusimaa (U)	Suomi	60.31487	24.75613		NEUTRAL	iNaturalist Suomi Finland
mustavahakas (fi) — Hygrophorus camarophyllus	mustavahakas (fi)		2023-09-16	Tampere	Etelä-Häme (EH)	Suomi	61.43282	23.87186		COMMUNITY_VERIFIED	iNaturalist Suomi Finland
mustavahakas (fi) — Hygrophorus camarophyllus	mustavahakas (fi)		2023-09-15	Siuntio	Uusimaa (U)	Suomi	60.2305	24.26528		NEUTRAL	iNaturalist Suomi Finland
mustavahakas (fi) — Hygrophorus camarophyllus	mustavahakas (fi)		2023-09-15	Iisalmi	Pohjois-Savo (PS)	Suomi	63.6483	27.19686		COMMUNITY_VERIFIED	iNaturalist Suomi Finland
mustavahakas (fi) — Hygrophorus camarophyllus	mustavahakas (fi)		2023-09-15	Iisalmi	Pohjois-Savo (PS)	Suomi	63.65081	27.19493		NEUTRAL	iNaturalist Suomi Finland
mustavahakas (fi) — Hygrophorus camarophyllus	mustavahakas (fi)		2023-09-15	Kirkkonummi	Uusimaa (U)	Suomi	59.989571	24.436611	Sure	NEUTRAL	Notebook, general observations
mustavahakas (fi) — Hygrophorus camarophyllus	mustavahakas (fi)		2023-09-12 - 2023-09-14	Espoo	Uusimaa (U)	Suomi	60.334937	24.687604	Sure	NEUTRAL	The Atlas of Finnish Fungi
mustavahakas (fi) — Hygrophorus camarophyllus	mustavahakas (fi)		2023-09-12	Lahti	Etelä-Häme (EH)	Suomi	60.983265	25.623195	Sure	NEUTRAL	The Atlas of Finnish Fungi
mustavahakas (fi) — Hygrophorus camarophyllus	mustavahakas (fi)		2023-09-11	Vihti	Varsinais-Suomi (V)	Suomi	60.316065	24.451825	Sure	NEUTRAL	The Atlas of Finnish Fungi
mustavahakas (fi) — Hygrophorus camarophyllus	mustavahakas (fi)		2023-09-11	Kirkkonummi	Uusimaa (U)	Suomi	59.99306	24.44778		NEUTRAL	iNaturalist Suomi Finland
mustavahakas (fi) — Hygrophorus camarophyllus	mustavahakas (fi)		2023-09-10	Hyvinkää, Nurmijärvi, Tuusula, Vantaa	Uusimaa (U)	Suomi	60.5	24.9		COMMUNITY_VERIFIED	iNaturalist Suomi Finland
mustavahakas (fi) — Hygrophorus camarophyllus	mustavahakas (fi)		2023-09-09	Hämeenlinna	Etelä-Häme (EH)	Suomi	61.1639	24.44925		COMMUNITY_VERIFIED	iNaturalist Suomi Finland
mustavahakas (fi) — Hygrophorus camarophyllus	mustavahakas (fi)		2023-09-09 [10:25]	Tampere	Etelä-Häme (EH)	Suomi	61.462895	23.812427	Sure	NEUTRAL	The Atlas of Finnish Fungi
mustavahakas (fi) — Hygrophorus camarophyllus	mustavahakas (fi)		2023-09-08	Espoo, Vihti	Uusimaa (U), Varsinais-Suomi (V)	Suomi	60.317297	24.523639	Sure	NEUTRAL	The Atlas of Finnish Fungi
mustavahakas (fi) — Hygrophorus camarophyllus	mustavahakas (fi)		2023-09-07 - 2023-09-09	Helsinki, Vantaa	Uusimaa (U)	Suomi	60.274847	25.160767	Sure	NEUTRAL	The Atlas of Finnish Fungi
mustavahakas (fi) — Hygrophorus camarophyllus	mustavahakas (fi)		2023-09-07 [10:39-10:53]	Jämijärvi	Satakunta (St)	Suomi	61.77094	22.747545	Sure	NEUTRAL	The Atlas of Finnish Fungi
mustavahakas (fi) — Hygrophorus camarophyllus	mustavahakas (fi)	3	2023-09-07	Jämijärvi	Satakunta (St)	Suomi	61.78013	22.759942	Sure	NEUTRAL	The Atlas of Finnish Fungi
mustavahakas (fi) — Hygrophorus camarophyllus	mustavahakas (fi)		2023-09-06	Rovaniemi	Perä-Pohjanmaa (PeP)	Suomi	66.87749	25.8348	Sure	NEUTRAL	The Atlas of Finnish Fungi
mustavahakas (fi) — Hygrophorus camarophyllus	mustavahakas (fi)		2023-09-06	Iisalmi	Pohjois-Savo (PS)	Suomi	63.6519	27.19795		COMMUNITY_VERIFIED	iNaturalist Suomi Finland
mustavahakas (fi) — Hygrophorus camarophyllus	mustavahakas (fi)		2023-09-03	Espoo	Uusimaa (U)	Suomi	60.30546	24.72996		NEUTRAL	iNaturalist Suomi Finland
mustavahakas (fi) — Hygrophorus camarophyllus	mustavahakas (fi)		2023-09-03	Vantaa	Uusimaa (U)	Suomi	60.28571	25.19021		COMMUNITY_VERIFIED	iNaturalist Suomi Finland
mustavahakas (fi) — Hygrophorus camarophyllus	mustavahakas (fi)	20	2023-09-02	Heinola	Etelä-Häme (EH)	Suomi	61.203098	26.090287	Sure	NEUTRAL	The Atlas of Finnish Fungi
mustavahakas (fi) — Hygrophorus camarophyllus	mustavahakas (fi)		2023-09-02 [12:28-13:30]	Muurame	Etelä-Häme (EH)	Suomi	62.162989	25.72646	Sure	NEUTRAL	The Atlas of Finnish Fungi
mustavahakas (fi) — Hygrophorus camarophyllus	mustavahakas (fi)		2023-09-02	Hämeenlinna	Etelä-Häme (EH)	Suomi	60.83453	24.41906		COMMUNITY_VERIFIED	iNaturalist Suomi Finland
mustavahakas (fi) — Hygrophorus camarophyllus	mustavahakas (fi)		2023-09-01	Jämsä	Etelä-Häme (EH)	Suomi	62.205235	24.982882	Sure	NEUTRAL	Notebook, general observations
mustavahakas (fi) — Hygrophorus camarophyllus	mustavahakas (fi)		2023-08-29	Kuopio, Siilinjärvi	Pohjois-Savo (PS)	Suomi	62.9	27.9		COMMUNITY_VERIFIED	iNaturalist Suomi Finland
mustavahakas (fi) — Hygrophorus camarophyllus	mustavahakas (fi)		2023-08-29	Helsinki	Uusimaa (U)	Suomi	60.24296	25.2097		COMMUNITY_VERIFIED	iNaturalist Suomi Finland
mustavahakas (fi) — Hygrophorus camarophyllus	mustavahakas (fi)	5	2023-08-28	Ii	Oulun Pohjanmaa (OP)	Suomi	65.501571	25.602347	Sure	NEUTRAL	The Atlas of Finnish Fungi
mustavahakas (fi) — Hygrophorus camarophyllus	mustavahakas (fi)		2023-08-27	Jyväskylä, Laukaa, Muurame	Etelä-Häme (EH), Pohjois-Häme (PH)	Suomi	62.3	25.7		NEUTRAL	iNaturalist Suomi Finland
mustavahakas (fi) — Hygrophorus camarophyllus	mustavahakas (fi)		2023-08-27	Hartola	Etelä-Häme (EH)	Suomi	61.66254	26.03581		COMMUNITY_VERIFIED	iNaturalist Suomi Finland
mustavahakas (fi) — Hygrophorus camarophyllus	mustavahakas (fi)		2023-08-23	Hyrynsalmi	Kainuu (Kn)	Suomi	64.658509	28.09426		NEUTRAL	TUR-A Fungus collections of the the Åbo Akademi
mustavahakas (fi) — Hygrophorus camarophyllus	mustavahakas (fi)		2023-05-28	Ilomantsi	Pohjois-Karjala (PK)	Suomi	62.60902	30.87044		NEUTRAL	iNaturalist Suomi Finland
mustavahakas (fi) — Hygrophorus camarophyllus	mustavahakas (fi)		2022-09-29	Parainen	Varsinais-Suomi (V)	Suomi	60.27842	22.41882		COMMUNITY_VERIFIED	iNaturalist Suomi Finland
mustavahakas (fi) — Hygrophorus camarophyllus	mustavahakas (fi)	muutama	2022-09-24	Kemiönsaari	Varsinais-Suomi (V)	Suomi	60.02747	22.386531	Sure	NEUTRAL	The Atlas of Finnish Fungi
mustavahakas (fi) — Hygrophorus camarophyllus	mustavahakas (fi)		2022-09-21	Tammela	Etelä-Häme (EH)	Suomi	60.68654	23.83269		COMMUNITY_VERIFIED	iNaturalist Suomi Finland
mustavahakas (fi) — Hygrophorus camarophyllus	mustavahakas (fi)		2022-09-15	Turku	Varsinais-Suomi (V)	Suomi	60.585855	22.351588	Sure	NEUTRAL	The Atlas of Finnish Fungi
mustavahakas (fi) — Hygrophorus camarophyllus	mustavahakas (fi)		2022-09-14	Inari	Inarin Lappi (InL)	Suomi	68.627891	28.430837	Sure	NEUTRAL	The Atlas of Finnish Fungi
mustavahakas (fi) — Hygrophorus camarophyllus	mustavahakas (fi)	3	2022-09-12	Kalajoki	Keski-Pohjanmaa (KP)	Suomi	64.056135	23.626406	Sure	NEUTRAL	The Atlas of Finnish Fungi
mustavahakas (fi) — Hygrophorus camarophyllus	mustavahakas (fi)		2022-09-11	Pudasjärvi	Oulun Pohjanmaa (OP)	Suomi	65.628903	27.704541		NEUTRAL	Notebook, general observations
mustavahakas (fi) — Hygrophorus camarophyllus	mustavahakas (fi)		2022-09-10 [11:25]	Pudasjärvi	Oulun Pohjanmaa (OP)	Suomi	65.585801	27.58293	Sure	NEUTRAL	The Atlas of Finnish Fungi
mustavahakas (fi) — Hygrophorus camarophyllus	mustavahakas (fi)		2022-09-10	Pudasjärvi	Oulun Pohjanmaa (OP)	Suomi	65.645297	27.783227	Sure	NEUTRAL	The Atlas of Finnish Fungi
mustavahakas (fi) — Hygrophorus camarophyllus	mustavahakas (fi)		2022-09-10	Pudasjärvi	Oulun Pohjanmaa (OP)	Suomi	65.647225	27.782328	Sure	NEUTRAL	The Atlas of Finnish Fungi
mustavahakas (fi) — Hygrophorus camarophyllus	mustavahakas (fi)		2022-09-10	Pudasjärvi	Oulun Pohjanmaa (OP)	Suomi	65.644599	27.608086	Sure	NEUTRAL	The Atlas of Finnish Fungi
mustavahakas (fi) — Hygrophorus camarophyllus	mustavahakas (fi)	kymmenittäin	2022-09-10	Pudasjärvi	Oulun Pohjanmaa (OP)	Suomi	65.639443	27.612248	Sure	NEUTRAL	The Atlas of Finnish Fungi
mustavahakas (fi) — Hygrophorus camarophyllus	mustavahakas (fi)	4	2022-09-10	Pudasjärvi	Oulun Pohjanmaa (OP)	Suomi	65.65018	27.782851	Sure	NEUTRAL	The Atlas of Finnish Fungi
mustavahakas (fi) — Hygrophorus camarophyllus	mustavahakas (fi)		2022-09-03	Nokia	Etelä-Häme (EH)	Suomi	61.44675	23.45991		COMMUNITY_VERIFIED	iNaturalist Suomi Finland
mustavahakas (fi) — Hygrophorus camarophyllus	mustavahakas (fi)	5	2022-08-24	Posio	Koillismaa (Ks)	Suomi	66.132236	27.586789	Sure	NEUTRAL	The Atlas of Finnish Fungi
mustavahakas (fi) — Hygrophorus camarophyllus	mustavahakas (fi)		2021-10-05 [15:25]	Kaarina	Varsinais-Suomi (V)	Suomi	60.387753	22.360487	Sure	NEUTRAL	The Atlas of Finnish Fungi
mustavahakas (fi) — Hygrophorus camarophyllus	mustavahakas (fi)		2021-10-02	Lohja	Varsinais-Suomi (V)	Suomi	60.238557	23.796915	Sure	NEUTRAL	The Atlas of Finnish Fungi
mustavahakas (fi) — Hygrophorus camarophyllus	mustavahakas (fi)		2021-10-01	Marttila	Varsinais-Suomi (V)	Suomi	60.5569	23.05	Sure	NEUTRAL	The Atlas of Finnish Fungi
mustavahakas (fi) — Hygrophorus camarophyllus	mustavahakas (fi)		2021-09-29	Lohja	Varsinais-Suomi (V)	Suomi	60.244732	23.806199		NEUTRAL	LajiGIS: Species mapping and surveys
mustavahakas (fi) — Hygrophorus camarophyllus	mustavahakas (fi)		2021-09-28	Lohja	Varsinais-Suomi (V)	Suomi	60.247562	23.818504		NEUTRAL	LajiGIS: Species mapping and surveys
mustavahakas (fi) — Hygrophorus camarophyllus	mustavahakas (fi)		2021-09-28	Mikkeli	Etelä-Savo (ES)	Suomi	61.691214	27.409873	Sure	NEUTRAL	The Atlas of Finnish Fungi
mustavahakas (fi) — Hygrophorus camarophyllus	mustavahakas (fi)	>10	2021-09-27	Kurikka	Etelä-Pohjanmaa (EP)	Suomi	62.763629	21.954155	Sure	NEUTRAL	The Atlas of Finnish Fungi
mustavahakas (fi) — Hygrophorus camarophyllus	mustavahakas (fi)		2021-09-27	Suomussalmi	Kainuu (Kn)	Suomi	64.87588	28.77363		COMMUNITY_VERIFIED	iNaturalist Suomi Finland
mustavahakas (fi) — Hygrophorus camarophyllus	mustavahakas (fi)	Kymmeniä	2021-09-22	Nokia	Etelä-Häme (EH)	Suomi	61.4896	23.47215	Sure	NEUTRAL	The Atlas of Finnish Fungi
mustavahakas (fi) — Hygrophorus camarophyllus	mustavahakas (fi)		2021-09-21	Tampere	Etelä-Häme (EH)	Suomi	61.48	23.854	Sure	NEUTRAL	The Atlas of Finnish Fungi
mustavahakas (fi) — Hygrophorus camarophyllus	mustavahakas (fi)		2021-09-21 [17:53]	Salo	Varsinais-Suomi (V)	Suomi	60.343815	23.234446	Sure	NEUTRAL	The Atlas of Finnish Fungi
mustavahakas (fi) — Hygrophorus camarophyllus	mustavahakas (fi)	1	2021-09-20	Vaasa	Etelä-Pohjanmaa (EP)	Suomi	63.103291	21.735884	Sure	NEUTRAL	The Atlas of Finnish Fungi
mustavahakas (fi) — Hygrophorus camarophyllus	mustavahakas (fi)		2021-09-20	Heinävesi	Pohjois-Savo (PS)	Suomi	62.44451	28.8298	Sure	NEUTRAL	The Atlas of Finnish Fungi
mustavahakas (fi) — Hygrophorus camarophyllus	mustavahakas (fi)	20	2021-09-19 [14:39]	Oulu	Oulun Pohjanmaa (OP)	Suomi	65.101021	25.516131	Sure	NEUTRAL	Notebook, general observations
mustavahakas (fi) — Hygrophorus camarophyllus	mustavahakas (fi)		2021-09-19	Lempäälä	Etelä-Häme (EH)	Suomi	61.40648	23.74381		COMMUNITY_VERIFIED	iNaturalist Suomi Finland
mustavahakas (fi) — Hygrophorus camarophyllus	mustavahakas (fi)		2021-09-19	Hämeenlinna	Etelä-Häme (EH)	Suomi	60.8351	24.41898		COMMUNITY_VERIFIED	iNaturalist Suomi Finland
mustavahakas (fi) — Hygrophorus camarophyllus	mustavahakas (fi)		2021-09-18 [14:08]	Salo	Varsinais-Suomi (V)	Suomi	60.445547	23.074899	Sure	NEUTRAL	The Atlas of Finnish Fungi
mustavahakas (fi) — Hygrophorus camarophyllus	mustavahakas (fi)		2021-09-17	Heinävesi	Pohjois-Savo (PS)	Suomi	62.44941	28.77843	Sure	NEUTRAL	The Atlas of Finnish Fungi
mustavahakas (fi) — Hygrophorus camarophyllus	mustavahakas (fi)		2021-09-17	Kuopio	Pohjois-Savo (PS)	Suomi	62.9059	27.72061		COMMUNITY_VERIFIED	iNaturalist Suomi Finland
mustavahakas (fi) — Hygrophorus camarophyllus	mustavahakas (fi)		2021-09-16	Ranua	Perä-Pohjanmaa (PeP)	Suomi	66.096927	27.439466	Sure	NEUTRAL	The Atlas of Finnish Fungi
mustavahakas (fi) — Hygrophorus camarophyllus	mustavahakas (fi)		2021-09-14	Saarijärvi	Pohjois-Häme (PH)	Suomi	62.852442	25.483214	Sure	NEUTRAL	The Atlas of Finnish Fungi
mustavahakas (fi) — Hygrophorus camarophyllus	mustavahakas (fi)		2021-09-14 [12:34-15:24]	Toivakka	Pohjois-Häme (PH)	Suomi	62.162822	26.208968	Sure	NEUTRAL	The Atlas of Finnish Fungi
mustavahakas (fi) — Hygrophorus camarophyllus	mustavahakas (fi)		2021-09-14	Espoo	Uusimaa (U)	Suomi	60.32439	24.68662		COMMUNITY_VERIFIED	iNaturalist Suomi Finland
mustavahakas (fi) — Hygrophorus camarophyllus	mustavahakas (fi)		2021-09-13	Tervola	Perä-Pohjanmaa (PeP)	Suomi	66.059884	24.726671	Sure	NEUTRAL	The Atlas of Finnish Fungi
mustavahakas (fi) — Hygrophorus camarophyllus	mustavahakas (fi)		2021-09-13	Tervola	Perä-Pohjanmaa (PeP)	Suomi	66.059884	24.726671	Sure	NEUTRAL	The Atlas of Finnish Fungi
mustavahakas (fi) — Hygrophorus camarophyllus	mustavahakas (fi)		2021-09-13	Teuva	Etelä-Pohjanmaa (EP)	Suomi	62.57511	21.85103		COMMUNITY_VERIFIED	iNaturalist Suomi Finland
mustavahakas (fi) — Hygrophorus camarophyllus	mustavahakas (fi)		2021-09-11	Rovaniemi	Perä-Pohjanmaa (PeP)	Suomi	66.313152	25.454612	Sure	NEUTRAL	The Atlas of Finnish Fungi
mustavahakas (fi) — Hygrophorus camarophyllus	mustavahakas (fi)	kymmenkunta	2021-09-11	Kirkkonummi, Vihti	Uusimaa (U), Varsinais-Suomi (V)	Suomi	60.283825	24.495486	Sure	NEUTRAL	The Atlas of Finnish Fungi
mustavahakas (fi) — Hygrophorus camarophyllus	mustavahakas (fi)		2021-09-11 [10:18-13:13]	Ylitornio	Perä-Pohjanmaa (PeP)	Suomi	66.313335	24.634316	Sure	NEUTRAL	The Atlas of Finnish Fungi
mustavahakas (fi) — Hygrophorus camarophyllus	mustavahakas (fi)		2021-09-11 [12:32-13:12]	Ylitornio	Perä-Pohjanmaa (PeP)	Suomi	66.314442	24.636243	Sure	NEUTRAL	The Atlas of Finnish Fungi
mustavahakas (fi) — Hygrophorus camarophyllus	mustavahakas (fi)		2021-09-11	Akaa	Etelä-Häme (EH)	Suomi	61.15839	23.89608		NEUTRAL	iNaturalist Suomi Finland
mustavahakas (fi) — Hygrophorus camarophyllus	mustavahakas (fi)	>10	2021-09-10	Tervola	Perä-Pohjanmaa (PeP)	Suomi	66.058306	24.727411	Sure	NEUTRAL	The Atlas of Finnish Fungi
mustavahakas (fi) — Hygrophorus camarophyllus	mustavahakas (fi)		2021-09-10	Lohja	Varsinais-Suomi (V)	Suomi	60.294478	24.193136	Sure	NEUTRAL	The Atlas of Finnish Fungi
mustavahakas (fi) — Hygrophorus camarophyllus	mustavahakas (fi)	Useita	2021-09-10	Heinola	Etelä-Häme (EH)	Suomi	61.196402	26.087404	Sure	NEUTRAL	The Atlas of Finnish Fungi
mustavahakas (fi) — Hygrophorus camarophyllus	mustavahakas (fi)		2021-09-10	Tervola	Perä-Pohjanmaa (PeP)	Suomi	66.058925	24.733406	Sure	NEUTRAL	The Atlas of Finnish Fungi
mustavahakas (fi) — Hygrophorus camarophyllus	mustavahakas (fi)		2021-09-09	Helsinki	Uusimaa (U)	Suomi	60.23611	25.14195		NEUTRAL	iNaturalist Suomi Finland
mustavahakas (fi) — Hygrophorus camarophyllus	mustavahakas (fi)		2021-09-08	Suomussalmi	Kainuu (Kn)	Suomi	65.247143	28.264885		NEUTRAL	LajiGIS: Species mapping and surveys
mustavahakas (fi) — Hygrophorus camarophyllus	mustavahakas (fi)		2021-09-08 [9:04-12:16]	Jyväskylä	Pohjois-Häme (PH)	Suomi	62.252793	25.697306	Sure	NEUTRAL	The Atlas of Finnish Fungi
mustavahakas (fi) — Hygrophorus camarophyllus	mustavahakas (fi)		2021-09-07 [19:25]	Jyväskylä	Pohjois-Häme (PH)	Suomi	62.251568	25.811244	Sure	NEUTRAL	The Atlas of Finnish Fungi
mustavahakas (fi) — Hygrophorus camarophyllus	mustavahakas (fi)		2021-09-07	Pieksämäki	Pohjois-Savo (PS)	Suomi	62.237347	27.425939	Sure	NEUTRAL	Notebook, general observations
mustavahakas (fi) — Hygrophorus camarophyllus	mustavahakas (fi)	muutamia	2021-09-06	Asikkala	Etelä-Häme (EH)	Suomi	61.189282	25.658838	Sure	NEUTRAL	The Atlas of Finnish Fungi
mustavahakas (fi) — Hygrophorus camarophyllus	mustavahakas (fi)		2021-09-06	Rovaniemi	Perä-Pohjanmaa (PeP)	Suomi	66.500075	25.774229	Sure	NEUTRAL	The Atlas of Finnish Fungi
mustavahakas (fi) — Hygrophorus camarophyllus	mustavahakas (fi)	useita	2021-09-05	Uurainen	Pohjois-Häme (PH)	Suomi	62.518013	25.539449	Sure	NEUTRAL	The Atlas of Finnish Fungi
mustavahakas (fi) — Hygrophorus camarophyllus	mustavahakas (fi)		2021-09-05	Urjala	Etelä-Häme (EH)	Suomi	61.04757	23.47699		COMMUNITY_VERIFIED	iNaturalist Suomi Finland
mustavahakas (fi) — Hygrophorus camarophyllus	mustavahakas (fi)		2021-09-05	Vihti	Varsinais-Suomi (V)	Suomi	60.34053	24.58684		COMMUNITY_VERIFIED	iNaturalist Suomi Finland
mustavahakas (fi) — Hygrophorus camarophyllus	mustavahakas (fi)		2021-09-04	Luumäki	Etelä-Savo (ES)	Suomi	60.99788	27.51839		COMMUNITY_VERIFIED	iNaturalist Suomi Finland
mustavahakas (fi) — Hygrophorus camarophyllus	mustavahakas (fi)		2021-09-03 [18:51]	Ylöjärvi	Satakunta (St)	Suomi	61.707192	23.36633	Sure	NEUTRAL	The Atlas of Finnish Fungi
mustavahakas (fi) — Hygrophorus camarophyllus	mustavahakas (fi)	6	2021-09-03	Rovaniemi	Perä-Pohjanmaa (PeP)	Suomi	66.499343	25.745823	Sure	NEUTRAL	The Atlas of Finnish Fungi
mustavahakas (fi) — Hygrophorus camarophyllus	mustavahakas (fi)		2021-08-30	Iisalmi	Pohjois-Savo (PS)	Suomi	63.62158	27.12038		COMMUNITY_VERIFIED	iNaturalist Suomi Finland
mustavahakas (fi) — Hygrophorus camarophyllus	mustavahakas (fi)		2021-08-29	Kirkkonummi	Uusimaa (U)	Suomi	60.02148	24.42212		COMMUNITY_VERIFIED	iNaturalist Suomi Finland
mustavahakas (fi) — Hygrophorus camarophyllus	mustavahakas (fi)		2021-08-25	Kuusamo	Koillismaa (Ks)	Suomi	66.238001	29.241464		NEUTRAL	LajiGIS: Species mapping and surveys
mustavahakas (fi) — Hygrophorus camarophyllus	mustavahakas (fi)		2020-09-22	Helsinki	Uusimaa (U)	Suomi	60.2209	24.91656		NEUTRAL	iNaturalist Suomi Finland
mustavahakas (fi) — Hygrophorus camarophyllus	mustavahakas (fi)		2020-09-21	Karkkila	Varsinais-Suomi (V)	Suomi	60.527	24.18795		COMMUNITY_VERIFIED	iNaturalist Suomi Finland
mustavahakas (fi) — Hygrophorus camarophyllus	mustavahakas (fi)	1	2020-09-19	Puolanka	Kainuu (Kn)	Suomi	65.15844	27.972378	Sure	EXPERT_VERIFIED	The Atlas of Finnish Fungi
mustavahakas (fi) — Hygrophorus camarophyllus	mustavahakas (fi)		2020-09-19	Rovaniemi	Perä-Pohjanmaa (PeP)	Suomi	66.8598	25.8266	Sure	NEUTRAL	The Atlas of Finnish Fungi
mustavahakas (fi) — Hygrophorus camarophyllus	mustavahakas (fi)		2020-09-17	Suomussalmi	Kainuu (Kn)	Suomi	65.444721	29.599166	Sure	EXPERT_VERIFIED	The Atlas of Finnish Fungi
mustavahakas (fi) — Hygrophorus camarophyllus	mustavahakas (fi)		2020-09-15	Kitee	Pohjois-Karjala (PK)	Suomi	62.082319	30.165197	Sure	EXPERT_VERIFIED	The Atlas of Finnish Fungi
mustavahakas (fi) — Hygrophorus camarophyllus	mustavahakas (fi)	Kymmeniä	2020-09-14	Ylitornio	Perä-Pohjanmaa (PeP)	Suomi	66.399295	23.727501	Sure	NEUTRAL	The Atlas of Finnish Fungi
mustavahakas (fi) — Hygrophorus camarophyllus	mustavahakas (fi)		2020-09-12	Kontiolahti	Pohjois-Karjala (PK)	Suomi	62.688461	29.790301	Sure	NEUTRAL	Notebook, general observations
mustavahakas (fi) — Hygrophorus camarophyllus	mustavahakas (fi)	3	2020-09-09	Kangasala, Pälkäne	Etelä-Häme (EH)	Suomi	61.415931	24.280836	Sure	NEUTRAL	The Atlas of Finnish Fungi
mustavahakas (fi) — Hygrophorus camarophyllus	mustavahakas (fi)		2020-09-09	Miehikkälä	Etelä-Karjala (EK)	Suomi	60.657562	27.803413	Sure	NEUTRAL	The Atlas of Finnish Fungi
mustavahakas (fi) — Hygrophorus camarophyllus	mustavahakas (fi)		2020-09-08	Inari	Inarin Lappi (InL)	Suomi	68.940936	27.103737	Sure	EXPERT_VERIFIED	The Atlas of Finnish Fungi
mustavahakas (fi) — Hygrophorus camarophyllus	mustavahakas (fi)		2020-09-08	Miehikkälä	Etelä-Karjala (EK)	Suomi	60.691233	27.655436	Sure	NEUTRAL	The Atlas of Finnish Fungi
mustavahakas (fi) — Hygrophorus camarophyllus	mustavahakas (fi)	20-30	2020-09-07	Muonio	Kittilän Lappi (KiL)	Suomi	67.816742	23.794086		EXPERT_VERIFIED	Löydös Open Finnish Observation Database
mustavahakas (fi) — Hygrophorus camarophyllus	mustavahakas (fi)		2020-09-06	Hartola, Joutsa	Etelä-Häme (EH), Etelä-Savo (ES)	Suomi	61.7	26.1		EXPERT_VERIFIED	iNaturalist Suomi Finland
mustavahakas (fi) — Hygrophorus camarophyllus	mustavahakas (fi)		2020-09-06	Rovaniemi	Perä-Pohjanmaa (PeP)	Suomi	66.419568	25.173201	Sure	EXPERT_VERIFIED	The Atlas of Finnish Fungi
mustavahakas (fi) — Hygrophorus camarophyllus	mustavahakas (fi)		2020-09-05	Hartola, Joutsa	Etelä-Häme (EH), Etelä-Savo (ES)	Suomi	61.7	26.1		COMMUNITY_VERIFIED	iNaturalist Suomi Finland
mustavahakas (fi) — Hygrophorus camarophyllus	mustavahakas (fi)		2020-09-05	Kaavi	Pohjois-Karjala (PK)	Suomi	63.03258	28.80481		COMMUNITY_VERIFIED	iNaturalist Suomi Finland
mustavahakas (fi) — Hygrophorus camarophyllus	mustavahakas (fi)		2020-09-04	Kaavi	Pohjois-Karjala (PK)	Suomi	63.01551	28.83002		COMMUNITY_VERIFIED	iNaturalist Suomi Finland
mustavahakas (fi) — Hygrophorus camarophyllus	mustavahakas (fi)	2	2020-09-03	Vaasa	Etelä-Pohjanmaa (EP)	Suomi	63.06716	21.730539	Sure	NEUTRAL	The Atlas of Finnish Fungi
mustavahakas (fi) — Hygrophorus camarophyllus	mustavahakas (fi)	>10	2020-09-02	Vaasa	Etelä-Pohjanmaa (EP)	Suomi	63.073731	21.546004	Sure	NEUTRAL	The Atlas of Finnish Fungi
mustavahakas (fi) — Hygrophorus camarophyllus	mustavahakas (fi)	15	2020-09-02	Aura	Varsinais-Suomi (V)	Suomi	60.61	22.528	Sure	NEUTRAL	The Atlas of Finnish Fungi
mustavahakas (fi) — Hygrophorus camarophyllus	mustavahakas (fi)		2020-09-01	Kuusamo	Koillismaa (Ks)	Suomi	66.366156	29.32579	Sure	NEUTRAL	The Atlas of Finnish Fungi
mustavahakas (fi) — Hygrophorus camarophyllus	mustavahakas (fi)		2020-09-01	Hämeenlinna	Etelä-Häme (EH)	Suomi	60.83415	24.41952		COMMUNITY_VERIFIED	iNaturalist Suomi Finland
mustavahakas (fi) — Hygrophorus camarophyllus	mustavahakas (fi)		2020-08-31	Salla	Koillismaa (Ks)	Suomi	67.057308	29.057693	Sure	NEUTRAL	The Atlas of Finnish Fungi
mustavahakas (fi) — Hygrophorus camarophyllus	mustavahakas (fi)		2020-08-30	Kuusamo	Koillismaa (Ks)	Suomi	66.372042	29.328584	Sure	NEUTRAL	The Atlas of Finnish Fungi
mustavahakas (fi) — Hygrophorus camarophyllus	mustavahakas (fi)		2020-08-28	Rovaniemi	Perä-Pohjanmaa (PeP)	Suomi	66.387127	25.003092	Sure	NEUTRAL	The Atlas of Finnish Fungi
mustavahakas (fi) — Hygrophorus camarophyllus	mustavahakas (fi)	muutama	2020-08-25	Rovaniemi	Perä-Pohjanmaa (PeP)	Suomi	66.46029	25.802411	Sure	NEUTRAL	The Atlas of Finnish Fungi
mustavahakas (fi) — Hygrophorus camarophyllus	mustavahakas (fi)	useita	2020-08-24	Kustavi	Varsinais-Suomi (V)	Suomi	60.594396	21.385663	Sure	NEUTRAL	The Atlas of Finnish Fungi
mustavahakas (fi) — Hygrophorus camarophyllus	mustavahakas (fi)	muutama	2020-08-20	Mustasaari	Etelä-Pohjanmaa (EP)	Suomi	63.203929	21.498098	Sure	NEUTRAL	The Atlas of Finnish Fungi
mustavahakas (fi) — Hygrophorus camarophyllus	mustavahakas (fi)		2020-08-19	Helsinki	Uusimaa (U)	Suomi	60.23394	25.14345		COMMUNITY_VERIFIED	iNaturalist Suomi Finland
mustavahakas (fi) — Hygrophorus camarophyllus	mustavahakas (fi)	1	2020-08-15	Taivalkoski	Koillismaa (Ks)	Suomi	65.296531	28.38995	Sure	NEUTRAL	The Atlas of Finnish Fungi
mustavahakas (fi) — Hygrophorus camarophyllus	mustavahakas (fi)	useita	2020-08-15	Kustavi	Varsinais-Suomi (V)	Suomi	60.59203	21.387015	Sure	EXPERT_VERIFIED	The Atlas of Finnish Fungi
mustavahakas (fi) — Hygrophorus camarophyllus	mustavahakas (fi)		2020-08-11	Porvoo	Uusimaa (U)	Suomi	60.29267	25.67652		NEUTRAL	iNaturalist Suomi Finland
mustavahakas (fi) — Hygrophorus camarophyllus	mustavahakas (fi)		2020-08-09	Kuhmoinen	Etelä-Häme (EH)	Suomi	61.642938	25.438166	Sure	EXPERT_VERIFIED	The Atlas of Finnish Fungi
mustavahakas (fi) — Hygrophorus camarophyllus	mustavahakas (fi)	yksi itiöemä	2020-07-21	Hämeenkyrö	Satakunta (St)	Suomi	61.567473	23.164677	Sure	NEUTRAL	The Atlas of Finnish Fungi
mustavahakas (fi) — Hygrophorus camarophyllus	mustavahakas (fi)	1	2019-10-15 [15:11-16:19]	Somero	Etelä-Häme (EH)	Suomi	60.665075	23.608322	Sure	NEUTRAL	Notebook, general observations
mustavahakas (fi) — Hygrophorus camarophyllus	mustavahakas (fi)	Paikoittain runsaasti	2019-10-09	Jyväskylä	Pohjois-Häme (PH)	Suomi	62.188609	25.877348	Sure	NEUTRAL	The Atlas of Finnish Fungi
mustavahakas (fi) — Hygrophorus camarophyllus	mustavahakas (fi)	Useassa kohtaa muutamia.	2019-10-09	Jyväskylä	Pohjois-Häme (PH)	Suomi	62.188373	25.877311	Sure	EXPERT_VERIFIED	The Atlas of Finnish Fungi
mustavahakas (fi) — Hygrophorus camarophyllus	mustavahakas (fi)		2019-10-09	Parainen	Varsinais-Suomi (V)	Suomi	60.283879	21.319021		NEUTRAL	LajiGIS: Species mapping and surveys
mustavahakas (fi) — Hygrophorus camarophyllus	mustavahakas (fi)		2019-10-05	Loviisa	Uusimaa (U)	Suomi	60.446189	26.25417	Sure	NEUTRAL	The Atlas of Finnish Fungi
mustavahakas (fi) — Hygrophorus camarophyllus	mustavahakas (fi)		2019-10-01	Rovaniemi	Perä-Pohjanmaa (PeP)	Suomi	66.455843	25.895782	Sure	NEUTRAL	The Atlas of Finnish Fungi
mustavahakas (fi) — Hygrophorus camarophyllus	mustavahakas (fi)		2019-09-29	Hämeenkyrö	Satakunta (St)	Suomi	61.663	23.471	Sure	NEUTRAL	The Atlas of Finnish Fungi
mustavahakas (fi) — Hygrophorus camarophyllus	mustavahakas (fi)	4	2019-09-29 [17:54]	Akaa	Etelä-Häme (EH)	Suomi	61.171228	23.82367		NEUTRAL	Notebook, general observations
mustavahakas (fi) — Hygrophorus camarophyllus	mustavahakas (fi)		2019-09-29	Helsinki	Uusimaa (U)	Suomi	60.23917	25.17972		COMMUNITY_VERIFIED	iNaturalist Suomi Finland
mustavahakas (fi) — Hygrophorus camarophyllus	mustavahakas (fi)		2019-09-28	Vantaa	Uusimaa (U)	Suomi	60.31033	25.11558		COMMUNITY_VERIFIED	iNaturalist Suomi Finland
mustavahakas (fi) — Hygrophorus camarophyllus	mustavahakas (fi)	muutama	2019-09-24	Mikkeli	Etelä-Savo (ES)	Suomi	61.487373	27.279315	Sure	NEUTRAL	The Atlas of Finnish Fungi
mustavahakas (fi) — Hygrophorus camarophyllus	mustavahakas (fi)	1	2019-09-24	Jyväskylä	Pohjois-Häme (PH)	Suomi	62.2556	25.669086	Sure	NEUTRAL	Notebook, general observations
mustavahakas (fi) — Hygrophorus camarophyllus	mustavahakas (fi)	N. 10	2019-09-23	Jyväskylä	Pohjois-Häme (PH)	Suomi	62.16876	25.862195	Sure	EXPERT_VERIFIED	The Atlas of Finnish Fungi
mustavahakas (fi) — Hygrophorus camarophyllus	mustavahakas (fi)		2019-09-22	Janakkala	Etelä-Häme (EH)	Suomi	60.828983	24.582345	Sure	NEUTRAL	Notebook, general observations
mustavahakas (fi) — Hygrophorus camarophyllus	mustavahakas (fi)		2019-09-17	Loimaa	Satakunta (St)	Suomi	60.930599	23.124483	Sure	NEUTRAL	The Atlas of Finnish Fungi
mustavahakas (fi) — Hygrophorus camarophyllus	mustavahakas (fi)	5	2018-10-13	Jyväskylä	Pohjois-Häme (PH)	Suomi	62.269798	25.874668	Sure	EXPERT_VERIFIED	The Atlas of Finnish Fungi
mustavahakas (fi) — Hygrophorus camarophyllus	mustavahakas (fi)	1	2018-10-12 [15:06] - 2018-10-15 [18:30]	Somero	Etelä-Häme (EH)	Suomi	60.669435	23.604866	Sure	NEUTRAL	Notebook, general observations
mustavahakas (fi) — Hygrophorus camarophyllus	mustavahakas (fi)	kymmeniä	2018-10-07	Lappeenranta	Etelä-Savo (ES)	Suomi	61.082805	28.368454	Sure	EXPERT_VERIFIED	The Atlas of Finnish Fungi
mustavahakas (fi) — Hygrophorus camarophyllus	mustavahakas (fi)	n. 80	2018-10-07	Sipoo	Uusimaa (U)	Suomi	60.303498	25.195559	Sure	EXPERT_VERIFIED	The Atlas of Finnish Fungi
mustavahakas (fi) — Hygrophorus camarophyllus	mustavahakas (fi)	15	2018-10-07	Lappeenranta	Etelä-Savo (ES)	Suomi	61.083317	28.365212	Sure	EXPERT_VERIFIED	The Atlas of Finnish Fungi
mustavahakas (fi) — Hygrophorus camarophyllus	mustavahakas (fi)		2018-10-01	Joutsa	Etelä-Savo (ES)	Suomi	61.890201	26.011363	Sure	NEUTRAL	The Atlas of Finnish Fungi
mustavahakas (fi) — Hygrophorus camarophyllus	mustavahakas (fi)		2018-09-30	Raisio	Varsinais-Suomi (V)	Suomi	60.458635	22.085681	Sure	NEUTRAL	The Atlas of Finnish Fungi
mustavahakas (fi) — Hygrophorus camarophyllus	mustavahakas (fi)	N. 90-100	2018-09-30	Kirkkonummi	Uusimaa (U)	Suomi	60.283669	24.485563	Sure	NEUTRAL	The Atlas of Finnish Fungi
mustavahakas (fi) — Hygrophorus camarophyllus	mustavahakas (fi)		2018-09-30	Espoo	Uusimaa (U)	Suomi	60.187756	24.701571	Sure	EXPERT_VERIFIED	The Atlas of Finnish Fungi
mustavahakas (fi) — Hygrophorus camarophyllus	mustavahakas (fi)		2018-09-30	Helsinki	Uusimaa (U)	Suomi	60.283385	25.213715	Sure	EXPERT_VERIFIED	The Atlas of Finnish Fungi
mustavahakas (fi) — Hygrophorus camarophyllus	mustavahakas (fi)		2018-09-30	Espoo	Uusimaa (U)	Suomi	60.18244	24.65438		COMMUNITY_VERIFIED	iNaturalist Suomi Finland
mustavahakas (fi) — Hygrophorus camarophyllus	mustavahakas (fi)	niukka	2018-09-29	Raahe	Keski-Pohjanmaa (KP)	Suomi	64.490977	24.71588	Sure	NEUTRAL	The Atlas of Finnish Fungi
mustavahakas (fi) — Hygrophorus camarophyllus	mustavahakas (fi)	niukka	2018-09-26	Kaustinen	Keski-Pohjanmaa (KP)	Suomi	63.529591	23.920251	Sure	NEUTRAL	The Atlas of Finnish Fungi
mustavahakas (fi) — Hygrophorus camarophyllus	mustavahakas (fi)		2018-09-25	Somero	Etelä-Häme (EH)	Suomi	60.495241	23.647746	Sure	NEUTRAL	The Atlas of Finnish Fungi
mustavahakas (fi) — Hygrophorus camarophyllus	mustavahakas (fi)		2018-09-24	Tammela	Etelä-Häme (EH)	Suomi	60.703062	23.925099	Sure	NEUTRAL	The Atlas of Finnish Fungi
mustavahakas (fi) — Hygrophorus camarophyllus	mustavahakas (fi)		2018-09-23	Mustasaari	Etelä-Pohjanmaa (EP)	Suomi	63.2426	21.5692	Sure	NEUTRAL	The Atlas of Finnish Fungi
mustavahakas (fi) — Hygrophorus camarophyllus	mustavahakas (fi)		2018-09-23	Hartola, Sysmä	Etelä-Häme (EH)	Suomi	61.618573	25.959908	Sure	NEUTRAL	The Atlas of Finnish Fungi
mustavahakas (fi) — Hygrophorus camarophyllus	mustavahakas (fi)		2018-09-22	Liperi	Pohjois-Karjala (PK)	Suomi	62.663278	29.558078	Sure	NEUTRAL	The Atlas of Finnish Fungi
mustavahakas (fi) — Hygrophorus camarophyllus	mustavahakas (fi)		2018-09-22	Karkkila	Varsinais-Suomi (V)	Suomi	60.535042	24.399228	Sure	NEUTRAL	The Atlas of Finnish Fungi
mustavahakas (fi) — Hygrophorus camarophyllus	mustavahakas (fi)	paljon	2018-09-22	Kangasniemi	Etelä-Savo (ES)	Suomi	62.164324	26.368122	Sure	NEUTRAL	The Atlas of Finnish Fungi
mustavahakas (fi) — Hygrophorus camarophyllus	mustavahakas (fi)		2018-09-20	Tammela	Etelä-Häme (EH)	Suomi	60.702005	23.931081	Sure	NEUTRAL	The Atlas of Finnish Fungi
mustavahakas (fi) — Hygrophorus camarophyllus	mustavahakas (fi)		2018-09-20	Tammela	Etelä-Häme (EH)	Suomi	60.702005	23.931081	Sure	NEUTRAL	The Atlas of Finnish Fungi
mustavahakas (fi) — Hygrophorus camarophyllus	mustavahakas (fi)		2018-09-20	Ylitornio	Perä-Pohjanmaa (PeP)	Suomi	66.4342	24.93873		NEUTRAL	iNaturalist Suomi Finland
mustavahakas (fi) — Hygrophorus camarophyllus	mustavahakas (fi)		2018-09-19	Mustasaari	Etelä-Pohjanmaa (EP)	Suomi	63.035	21.8282	Sure	NEUTRAL	The Atlas of Finnish Fungi
mustavahakas (fi) — Hygrophorus camarophyllus	mustavahakas (fi)	>10	2018-09-19	Vihti	Varsinais-Suomi (V)	Suomi	60.339194	24.565626	Sure	NEUTRAL	The Atlas of Finnish Fungi
mustavahakas (fi) — Hygrophorus camarophyllus	mustavahakas (fi)		2018-09-19	Rovaniemi	Perä-Pohjanmaa (PeP)	Suomi	66.93306	25.88314	Sure	NEUTRAL	The Atlas of Finnish Fungi
mustavahakas (fi) — Hygrophorus camarophyllus	mustavahakas (fi)		2018-09-19	Rovaniemi	Perä-Pohjanmaa (PeP)	Suomi	66.92845	25.85702	Sure	NEUTRAL	The Atlas of Finnish Fungi
mustavahakas (fi) — Hygrophorus camarophyllus	mustavahakas (fi)		2018-09-18	Kontiolahti	Pohjois-Karjala (PK)	Suomi	62.698669	29.777185	Sure	NEUTRAL	Notebook, general observations
mustavahakas (fi) — Hygrophorus camarophyllus	mustavahakas (fi)	useita	2018-09-16	Hyvinkää	Uusimaa (U)	Suomi	60.519148	24.654425	Sure	NEUTRAL	The Atlas of Finnish Fungi
mustavahakas (fi) — Hygrophorus camarophyllus	mustavahakas (fi)	kymmenkunta	2018-09-16	Raahe	Keski-Pohjanmaa (KP)	Suomi	64.556151	24.39551	Sure	NEUTRAL	The Atlas of Finnish Fungi
mustavahakas (fi) — Hygrophorus camarophyllus	mustavahakas (fi)		2018-09-16	Kontiolahti	Pohjois-Karjala (PK)	Suomi	62.690189	29.78958	Sure	NEUTRAL	Notebook, general observations
mustavahakas (fi) — Hygrophorus camarophyllus	mustavahakas (fi)	10	2018-09-14	Rovaniemi	Perä-Pohjanmaa (PeP)	Suomi	66.535767	25.868825	Sure	NEUTRAL	The Atlas of Finnish Fungi
mustavahakas (fi) — Hygrophorus camarophyllus	mustavahakas (fi)	suuri	2018-09-14 - 2018-10-03	Sipoo	Uusimaa (U)	Suomi	60.45786	25.205929	Sure	NEUTRAL	The Atlas of Finnish Fungi
mustavahakas (fi) — Hygrophorus camarophyllus	mustavahakas (fi)	iso	2018-09-14 - 2018-10-03	Sipoo	Uusimaa (U)	Suomi	60.457373	25.20713	Sure	NEUTRAL	The Atlas of Finnish Fungi
mustavahakas (fi) — Hygrophorus camarophyllus	mustavahakas (fi)	7	2018-09-10	Oulu	Oulun Pohjanmaa (OP)	Suomi	65.114913	25.61248	Sure	NEUTRAL	The Atlas of Finnish Fungi
mustavahakas (fi) — Hygrophorus camarophyllus	mustavahakas (fi)		2018-09-09	Sastamala	Satakunta (St)	Suomi	61.467309	22.774197	Sure	NEUTRAL	Notebook, general observations
mustavahakas (fi) — Hygrophorus camarophyllus	mustavahakas (fi)		2018-09-09	Rovaniemi	Perä-Pohjanmaa (PeP)	Suomi	66.294839	25.123106	Sure	NEUTRAL	The Atlas of Finnish Fungi
mustavahakas (fi) — Hygrophorus camarophyllus	mustavahakas (fi)		2018-09-07	Heinävesi	Pohjois-Savo (PS)	Suomi	62.45073	28.77127	Sure	NEUTRAL	The Atlas of Finnish Fungi
mustavahakas (fi) — Hygrophorus camarophyllus	mustavahakas (fi)	100	2018-09-01	Inari	Inarin Lappi (InL)	Suomi	68.887159	26.821363	Sure	NEUTRAL	The Atlas of Finnish Fungi
mustavahakas (fi) — Hygrophorus camarophyllus	mustavahakas (fi)		2018-09-01	Inari	Inarin Lappi (InL)	Suomi	68.966649	26.838804	Sure	EXPERT_VERIFIED	The Atlas of Finnish Fungi
mustavahakas (fi) — Hygrophorus camarophyllus	mustavahakas (fi)	useita	2018-09-01	Inari	Inarin Lappi (InL)	Suomi	68.935629	26.382094	Sure	NEUTRAL	The Atlas of Finnish Fungi
mustavahakas (fi) — Hygrophorus camarophyllus	mustavahakas (fi)		2018-08-31	Inari	Inarin Lappi (InL)	Suomi	69.149731	27.217179	Sure	NEUTRAL	The Atlas of Finnish Fungi
mustavahakas (fi) — Hygrophorus camarophyllus	mustavahakas (fi)	runsas	2018-08-31	Inari	Inarin Lappi (InL)	Suomi	69.002476	26.996377	Sure	NEUTRAL	The Atlas of Finnish Fungi
mustavahakas (fi) — Hygrophorus camarophyllus	mustavahakas (fi)	1	2018-08-31	Inari	Inarin Lappi (InL)	Suomi	69.055437	27.133725	Sure	NEUTRAL	The Atlas of Finnish Fungi
mustavahakas (fi) — Hygrophorus camarophyllus	mustavahakas (fi)	8	2018-08-16	Rovaniemi	Perä-Pohjanmaa (PeP)	Suomi	66.398075	25.198635	Sure	NEUTRAL	The Atlas of Finnish Fungi
mustavahakas (fi) — Hygrophorus camarophyllus	mustavahakas (fi)	n15	2017-10-13 [17:00-17:04]	Somero	Etelä-Häme (EH)	Suomi	60.661617	23.612317	Sure	NEUTRAL	Hatikka.fi observations
mustavahakas (fi) — Hygrophorus camarophyllus	mustavahakas (fi)	1	2017-10-02	Vihti	Varsinais-Suomi (V)	Suomi	60.319089	24.494292	Sure	EXPERT_VERIFIED	The Atlas of Finnish Fungi
Hygrophorus camarophyllus (Alb. & Schwein.) Dumée, Grandjean & Maire		1	2017-09-25 [16:05-18:46]	Somero	Etelä-Häme (EH)	Suomi	60.666183	23.614547	Sure	NEUTRAL	Hatikka.fi observations
mustavahakas (fi) — Hygrophorus camarophyllus	mustavahakas (fi)		2017-09-19	Heinävesi	Pohjois-Savo (PS)	Suomi	62.43961	28.82762	Sure	NEUTRAL	The Atlas of Finnish Fungi
mustavahakas (fi) — Hygrophorus camarophyllus	mustavahakas (fi)	5	2017-09-16	Rautalampi	Pohjois-Häme (PH)	Suomi	62.58	26.696	Sure	NEUTRAL	The Atlas of Finnish Fungi
mustavahakas (fi) — Hygrophorus camarophyllus	mustavahakas (fi)		2017-09-15	Mikkeli	Etelä-Savo (ES)	Suomi	61.704085	27.421978	Sure	NEUTRAL	The Atlas of Finnish Fungi
mustavahakas (fi) — Hygrophorus camarophyllus	mustavahakas (fi)	Yksi runsas rypäs	2017-09-12	Ylöjärvi	Etelä-Häme (EH)	Suomi	61.547061	23.545932	Sure	NEUTRAL	The Atlas of Finnish Fungi
mustavahakas (fi) — Hygrophorus camarophyllus	mustavahakas (fi)		2017-09-12	Salo	Varsinais-Suomi (V)	Suomi	60.2354	23.060618		NEUTRAL	LajiGIS: Species mapping and surveys
mustavahakas (fi) — Hygrophorus camarophyllus	mustavahakas (fi)	2	2017-09-11	Hämeenlinna, Pälkäne	Etelä-Häme (EH)	Suomi	61.240238	24.48236	Sure	NEUTRAL	The Atlas of Finnish Fungi
mustavahakas (fi) — Hygrophorus camarophyllus	mustavahakas (fi)	useita	2017-09-10	Kangasniemi	Etelä-Savo (ES)	Suomi	62.178093	26.411913	Sure	NEUTRAL	The Atlas of Finnish Fungi
mustavahakas (fi) — Hygrophorus camarophyllus	mustavahakas (fi)	Suuri	2017-09-03 - 2018-10-03	Juuka	Pohjois-Karjala (PK)	Suomi	63.075805	29.58203	Sure	NEUTRAL	The Atlas of Finnish Fungi
mustavahakas (fi) — Hygrophorus camarophyllus	mustavahakas (fi)	Suuri	2017-09-01 - 2018-10-03	Juuka	Pohjois-Karjala (PK)	Suomi	63.038674	29.670344	Sure	NEUTRAL	The Atlas of Finnish Fungi
mustavahakas (fi) — Hygrophorus camarophyllus	mustavahakas (fi)		2016-09-15	Miehikkälä	Etelä-Karjala (EK)	Suomi	60.687922	27.691477		NEUTRAL	TUR-A Fungus collections of the the Åbo Akademi
mustavahakas (fi) — Hygrophorus camarophyllus	mustavahakas (fi)		2016-09-12	Hamina	Etelä-Karjala (EK)	Suomi	60.568316	27.247633		NEUTRAL	Fungus observations of Turku university Herbarium
mustavahakas (fi) — Hygrophorus camarophyllus	mustavahakas (fi)		2016-09-12	Hamina	Etelä-Karjala (EK)	Suomi	60.568316	27.247633		NEUTRAL	Fungus observations of Turku university Herbarium
mustavahakas (fi) — Hygrophorus camarophyllus	mustavahakas (fi)		2016-09-12	Virolahti	Etelä-Karjala (EK)	Suomi	60.543389	27.49707		NEUTRAL	Fungus observations of Turku university Herbarium
mustavahakas (fi) — Hygrophorus camarophyllus	mustavahakas (fi)		2016-09-11	Virolahti	Etelä-Karjala (EK)	Suomi	60.47524	27.421361	Sure	NEUTRAL	The Atlas of Finnish Fungi
mustavahakas (fi) — Hygrophorus camarophyllus	mustavahakas (fi)		2016-09-11	Sotkamo	Kainuu (Kn)	Suomi	63.927721	28.165379	Sure	NEUTRAL	The Atlas of Finnish Fungi
mustavahakas (fi) — Hygrophorus camarophyllus	mustavahakas (fi)		2016-09-10	Miehikkälä	Etelä-Karjala (EK)	Suomi	60.741941	27.657804		NEUTRAL	Fungus observations of Turku university Herbarium
mustavahakas (fi) — Hygrophorus camarophyllus	mustavahakas (fi)		2016-09-09	Lohja, Vihti	Uusimaa (U), Varsinais-Suomi (V)	Suomi	60.297741	24.205812	Sure	NEUTRAL	The Atlas of Finnish Fungi
mustavahakas (fi) — Hygrophorus camarophyllus	mustavahakas (fi)		2016-09-08	Kuhmo	Kainuu (Kn)	Suomi	64.168575	30.346473	Sure	NEUTRAL	Notebook, general observations
mustavahakas (fi) — Hygrophorus camarophyllus	mustavahakas (fi)	1	2016-09-05	Oulu	Oulun Pohjanmaa (OP)	Suomi	65.061909	25.590119		NEUTRAL	Löydös Open Finnish Observation Database
mustavahakas (fi) — Hygrophorus camarophyllus	mustavahakas (fi)		2016-09-04	Espoo	Uusimaa (U)	Suomi	60.297259	24.564891	Sure	NEUTRAL	The Atlas of Finnish Fungi
mustavahakas (fi) — Hygrophorus camarophyllus	mustavahakas (fi)	kohtuullisen kokoinen ryhmä	2016-09-03	Salo	Varsinais-Suomi (V)	Suomi	60.472758	23.091313	Sure	NEUTRAL	The Atlas of Finnish Fungi
mustavahakas (fi) — Hygrophorus camarophyllus	mustavahakas (fi)	20	2016-09-02	Kittilä	Enontekiön Lappi (EnL)	Suomi	68.144244	24.140274	Sure	NEUTRAL	The Atlas of Finnish Fungi
mustavahakas (fi) — Hygrophorus camarophyllus	mustavahakas (fi)		2016-08-28	Helsinki	Uusimaa (U)	Suomi	60.234316	25.14306	Sure	NEUTRAL	The Atlas of Finnish Fungi
mustavahakas (fi) — Hygrophorus camarophyllus	mustavahakas (fi)		2016-08-26	Kuusamo	Koillismaa (Ks)	Suomi	66.274369	29.522518		NEUTRAL	TUR-A Fungus collections of the the Åbo Akademi
mustavahakas (fi) — Hygrophorus camarophyllus	mustavahakas (fi)	kymmeniä	2016-08-26	Pudasjärvi	Oulun Pohjanmaa (OP)	Suomi	65.708462	27.727861		NEUTRAL	Löydös Open Finnish Observation Database
mustavahakas (fi) — Hygrophorus camarophyllus	mustavahakas (fi)	100	2016-08-26	Kittilä	Kittilän Lappi (KiL)	Suomi	68.146693	24.156988	Sure	NEUTRAL	Notebook, general observations
mustavahakas (fi) — Hygrophorus camarophyllus	mustavahakas (fi)		2016-08-23	Pudasjärvi	Oulun Pohjanmaa (OP)	Suomi	65.241559	27.841039	Sure	NEUTRAL	The Atlas of Finnish Fungi
mustavahakas (fi) — Hygrophorus camarophyllus	mustavahakas (fi)		2016-08-19	Rovaniemi	Perä-Pohjanmaa (PeP)	Suomi	66.311918	25.150861		NEUTRAL	LajiGIS: Species mapping and surveys
mustavahakas (fi) — Hygrophorus camarophyllus	mustavahakas (fi)		2016-08-19	Rovaniemi	Perä-Pohjanmaa (PeP)	Suomi	66.305156	25.113212		NEUTRAL	LajiGIS: Species mapping and surveys
mustavahakas (fi) — Hygrophorus camarophyllus	mustavahakas (fi)		2016-08-19	Rovaniemi	Perä-Pohjanmaa (PeP)	Suomi	66.305156	25.113212		NEUTRAL	LajiGIS: Species mapping and surveys
mustavahakas (fi) — Hygrophorus camarophyllus	mustavahakas (fi)	5	2016-08-15	Kuopio	Pohjois-Savo (PS)	Suomi	62.79167	27.642549	Sure	NEUTRAL	The Atlas of Finnish Fungi
mustavahakas (fi) — Hygrophorus camarophyllus	mustavahakas (fi)		2015-08-18	Taivalkoski	Koillismaa (Ks)	Suomi	65.82682	28.42699		COMMUNITY_VERIFIED	iNaturalist Suomi Finland
mustavahakas (fi) — Hygrophorus camarophyllus	mustavahakas (fi)	n3	2015-08-09 [17:05] - 2015-08-10 [11:38]	Somero	Etelä-Häme (EH)	Suomi	60.676482	23.605168	Sure	NEUTRAL	Hatikka.fi observations
