,fmisid,name,latitude,longitude
0,101533,alajärvi_möksy,63.1,24.3
1,102016,enontekiö_kilpisjärvi_kyläkeskus,69.0,20.8
2,102019,enontekiö_näkkälä,68.6,23.6
3,852678,espoo_nuuksio,60.3,24.6
4,874863,espoo_tapiola,60.2,24.8
5,101695,haapavesi_mustikkamäki,64.1,25.4
6,101776,hailuoto_keskikylä,65.0,24.7
7,101528,halsua_purola,63.4,24.4
8,100932,hanko_russarö,59.8,22.9
9,100953,hanko_tvärminne,59.8,23.2
10,101151,hattula_lepaa,61.1,24.3
11,101196,heinola_asemantaus,61.2,26.0
12,100971,helsinki_kaisaniemi,60.2,24.9
13,101004,helsinki_kumpula,60.2,25.0
14,101130,hyvinkää_hyvinkäänkylä,60.6,24.8
15,101150,hämeenlinna_katinen,61.0,24.5
16,101154,hämeenlinna_lammi_pappila,61.1,25.0
17,101651,ilomantsi_mekrijärvi,62.8,31.0
18,102026,inari_angeli_lintupuoliselkä,68.9,25.7
19,102047,inari_kaamanen,69.1,27.3
20,102055,inari_kirakkajärvi,69.6,28.9
21,102052,inari_nellim,68.8,28.3
22,102008,inari_raja-jooseppi_kontiojärvi,68.5,28.3
23,102005,inari_saariselkä_matkailukeskus,68.4,27.4
24,101632,joensuu_linnunlahti,62.6,29.7
25,101104,jokioinen_ilmala,60.8,23.5
26,100917,jomala_jomalaby,60.2,20.0
27,101367,joutsa_savenaho,61.9,26.1
28,101609,juuka_niemelä,63.2,29.2
29,101317,juupajoki_hyytiälä,61.8,24.3
30,137208,jyväskylä_lentoasema_awos,62.4,25.7
31,101315,jämsä_halli_lentoasema,61.9,24.8
32,100934,kaarina_yltöinen,60.4,22.6
33,101291,kankaanpää_niinisalo_lentokenttä,61.8,22.5
34,101272,karvia_alkkia,62.2,22.8
35,101256,kaskinen_sälgrund,62.3,21.2
36,101289,kauhajoki_kuja-kokko,62.4,22.2
37,101503,kauhava_lentokenttä,63.1,23.0
38,101950,kemijärvi_lentokenttä,66.7,27.2
39,101987,kittilä_kenttärova,68.0,24.2
40,778135,kittilä_lompolonvuoma,68.0,24.2
41,101985,kittilä_matorova,68.0,24.2
42,101990,kittilä_pakatti,67.7,24.9
43,101994,kittilä_pokka,68.2,25.8
44,101103,kokemäki_tulkkila,61.3,22.3
45,101675,kokkola_santahaka,63.8,23.1
46,101030,kotka_rankki,60.4,27.0
47,101194,kouvola_anjala,60.7,26.8
48,101191,kouvola_utti_lentoasema,60.9,26.9
49,101773,kuhmo_kalliojoki,64.3,30.2
50,101572,kuopio_maaninka,63.1,27.3
51,101586,kuopio_savilahti,62.9,27.6
52,101059,kustavi_isokari,60.7,21.0
53,101887,kuusamo_kiutaköngäs,66.4,29.3
54,101886,kuusamo_lentoasema,66.0,29.2
55,101237,lappeenranta_lentoasema,61.0,28.1
56,101636,lieksa_lampela,63.3,30.0
57,100974,lohja_porla,60.2,24.0
58,151048,lumparland_långnäs_satama,60.1,20.3
59,855522,mikkeli_lentoasema_awos,61.7,27.2
60,101536,multia_karhila,62.5,24.8
61,106435,muonio_oustajärvi,67.9,23.7
62,103794,mäntsälä_hirvihaara,60.6,25.2
63,101743,nurmes_valtimo,63.7,28.8
64,101149,nurmijärvi_röykkä,60.5,24.7
65,100924,parainen_fagerholm,60.1,21.7
66,100908,parainen_utö,59.8,21.4
67,101254,parikkala_koitsanlahti,61.4,29.5
68,101914,pello_kirkonkylä,66.8,24.0
69,101044,pori_lentoasema,61.5,21.8
70,101028,porvoo_harabacka,60.4,25.6
71,101805,pudasjärvi_lentokenttä,65.4,27.0
72,101831,puolanka_paljakka,64.7,28.1
73,150168,puumala_kirkonkylä,61.5,28.2
74,101705,pyhäjärvi_ojakylä,63.7,25.7
75,101873,ranua_lentokenttä,66.0,26.4
76,101603,rautavaara_ylä-luosta,63.4,28.7
77,101933,rovaniemi_apukka,66.6,26.0
78,137190,rovaniemi_lentoasema_awos,66.6,25.8
79,101966,salla_naruska,67.2,29.2
80,102012,salla_värriötunturi,67.7,29.6
81,101959,salla_kirkonkylä,66.8,28.7
82,100967,salo_kiikala_lentokenttä,60.5,23.6
83,100955,salo_kärkkä,60.4,23.1
84,101441,savonlinna_punkaharju_laukansaari,61.8,29.3
85,101952,savukoski_kirkonkylä,67.3,28.2
86,101486,seinäjoki_pelmaa,62.9,22.5
87,101787,siikajoki_ruukki,64.7,25.1
88,102000,sodankylä_lokka,67.8,27.7
89,101932,sodankylä_tähtelä,67.4,26.6
90,102001,sodankylä_vuotso,68.1,27.2
91,101756,sotkamo_kuolaniemi,64.1,28.3
92,101826,suomussalmi_pesiö,64.9,28.7
93,101885,taivalkoski_kirkonkylä,65.6,28.2
94,101124,tampere_härmälä,61.5,23.7
95,101459,tohmajärvi_kemie,62.2,30.3
96,101689,toholampi_laitala,63.8,24.2
97,101851,tornio_kaakkuri,65.9,24.2
98,100949,turku_artukainen,60.5,22.2
99,102035,utsjoki_kevo,69.8,27.0
100,102036,utsjoki_nuorgam,70.1,27.9
101,101800,vaala_pelso,64.5,26.4
102,101485,vaasa_klemettilä,63.1,21.6
103,100968,vantaa_helsinki-vantaan_lentoasema,60.3,25.0
104,101421,varkaus_kosulanniemi,62.3,27.9
105,101555,vesanto_kirkonkylä,62.9,26.4
106,101726,vieremä_kaarakkala,63.8,27.2
107,101537,viitasaari_haapaniemi,63.1,25.9
108,101231,virolahti_koivuniemi,60.5,27.7
109,101908,ylitornio_meltosjärvi,66.5,24.6
110,101690,ylivieska_lentokenttä,64.1,24.7
111,101520,ähtäri_inha,62.6,24.1
